contact,location,address,suburb,date,lng,lat
Monitor,United Petroleum Amaroo,Katherine and Horse Park Drive,Amaroo,2021-09-05,,
Casual,Woolworths Gungahlin,30 Hibberson Street,Gungahlin,2021-09-05,,
Monitor,Metro Petroleum Mitchell,Lysaght Street,Mitchell,2021-09-04,,
Monitor,TSG Jamison,"Jamison Plaza, Bowman Street",Macquarie,2021-09-04,,
Casual,Australia War Memorial (Construction Site),Treloar Crescent,Campbell,2021-09-03,,
Monitor,Capital Chemist Dickson,2/6 Dickson Place,Dickson,2021-09-03,,
Casual,Woolworths Dickson,1 Dickson Place,Dickson,2021-09-03,,
Monitor,Commonwealth Bank Woden,"Shop 003A/6 Westfield Woden, Keltie Street",Phillip,2021-09-03,,
Casual,Hip Pocket Workwear & Safety,"Shop 1, The Paul's Centre, Hindmarsh Drive",Phillip,2021-09-03,,
Monitor,Westfield Woden,"Westfield Woden, Keltie Street",Phillip,2021-09-03,,
Monitor,Westfield Woden Food Court,Keltie Street,Phillip,2021-09-03,,
Monitor,Woolworths Dickson,1 Dickson Place,Dickson,2021-09-03,,
Monitor,Woolworths Woden,"Westfield Woden, Keltie Street",Phillip,2021-09-03,,
Monitor,Jamison Plaza News,"Jamison Plaza, Bowman Street",Macquarie,2021-09-03,,
Monitor,Nandos Canberra Centre,"Shop FG1, Canberra Centre, 125 Bunda Street",Canberra City,2021-09-03,,
Casual,ALDI Gungahlin,Hibberson Street,Gungahlin,2021-09-02,,
Casual,Australia Post Woden,Shop 4/15 Bowes Place,Phillip,2021-09-02,,
Monitor,BP Phillip,166 Melrose Drive,Phillip,2021-09-02,,
Monitor,Bunnings Gungahlin,10 Gribble Street,Gungahlin,2021-09-02,,
Close,Busy Bees at the Park,37 Brindabella Circuit,Canberra Airport,2021-09-02,,
Monitor,Caltex Canberra Airport,"Canberra Airport, 1/3 Rogan Street",Pialligo,2021-09-02,,
Monitor,Caltex Canberra Airport,"Canberra Airport, 1/3 Rogan Street",Pialligo,2021-09-02,,
Monitor,Caltex Mitchell,116 Lysaght Street,Mitchell,2021-09-02,,
Monitor,Coles Woden,"Westfield Woden, Keltie Street",Phillip,2021-09-02,,
Monitor,Cooleman Court Shopping Centre,Brierly Street,Weston,2021-09-02,,
Monitor,Mr Sushi Cooleman Court Shopping Centre,Brierly Street,Weston,2021-09-02,,
Monitor,The Scholar Yum Cha & Seafood Chinese Restaurant,23 Woolley Street,Dickson,2021-09-02,,
Casual,Woolworths Dickson,1 Dickson Place,Dickson,2021-09-02,,
Monitor,Woolworths Gungahlin,30 Hibberson Street,Gungahlin,2021-09-02,,
Casual,Coles Belconnen,"Westfield Belconnen, Benjamin Way",Belconnen,2021-09-01,,
Casual,Coles Canberra Centre,"Canberra Centre, 148 Bunda Street",Canberra City,2021-09-01,,
Casual,Woolworths Metro Franklin,"51 Nullarbor Avenue, Corner Flemington Road",Franklin,2021-09-01,,
Casual,Costco Canberra,39-41 Mustang Avenue,Canberra Airport,2021-09-01,,
Monitor,7-Eleven Holt,88 Hardwick Crescent,Holt,2021-09-01,,
Monitor,7-Eleven Mawson,1 Mawson Place,Mawson,2021-09-01,,
Monitor,Al Manoosh Bakery,47 Mawson Place,Mawson,2021-09-01,,
Casual,ALDI Amaroo,12 Pioneer Street,Amaroo,2021-09-01,,
Monitor,ALDI Belconnen,"Westfield Belconnen, Benjamin Way",Belconnen,2021-09-01,,
Monitor,Ampol Foodary Calwell,Were Street,Calwell,2021-09-01,,
Casual,Australia Post Woden,Shop 4/15 Bowes Place,Phillip,2021-09-01,,
Monitor,Belco Halal Kebabs and Pizzeria,"Westfield Belconnen, Belconnen Way",Belconnen,2021-09-01,,
Monitor,Bunnings Belconnen,15 Lathlain Street,Belconnen,2021-09-01,,
Close,Busy Bees Childcare,37 Brindabella Circuit,Canberra Airport,2021-09-01,,
Monitor,Caltex Conder,Tharwa Drive,Conder,2021-09-01,,
Monitor,Capital Chemist Chisholm,42 Halley Street,Chisholm,2021-09-01,,
Monitor,Caremore Pharmacy Kippax,8 Hardwick Crescent,Holt,2021-09-01,,
Monitor,Cellarbrations Belconnen,Luxton Street and Josephson Street,Belconnen,2021-09-01,,
Monitor,Chargrilld Eatery and Pizza Bar,1/59 Cameron Avenue,Belconnen,2021-09-01,,
Casual,Coles Belconnen,"Westfield Belconnen, Benjamin Way",Belconnen,2021-09-01,,
Casual,Coles Chisholm,42 Halley Street,Chisholm,2021-09-01,,
Monitor,Coles Jamison,"Jamison Plaza, Bowman Street",Macquarie,2021-09-01,,
Monitor,Coles Kaleen,1 Maribyrnong Avenue,Kaleen,2021-09-01,,
Monitor,Dickson Woolworths,1 Dickson Place,Dickson,2021-09-01,,
Monitor,Friendly Grocer Narrabundah,6 Iluka Street,Narrabundah,2021-09-01,,
Monitor,Kippax Shopping Centre,26 Hardwick Crescent,Holt,2021-09-01,,
Monitor,La Cantina,4 Iluka Street,Narrabundah,2021-09-01,,
Monitor,Lanyon Pharmacy,"Lanyon Marketplace, 4 Sidney Nolan Street",Conder,2021-09-01,,
Monitor,Narrabundah Pharmacy and Post Office,18 Iluka Street,Narrabundah,2021-09-01,,
Monitor,NewsExpress Kippax Fair,26 Hardwick Crescent,Holt,2021-09-01,,
Monitor,St George Bank Fyshwick (ATM),58 Wollongong Street,Fyshwick,2021-09-01,,
Monitor,The Scholar Yum Cha & Seafood Chinese Restaurant,23 Woolley Street,Dickson,2021-09-01,,
Monitor,Woolworths Conder,"Lanyon Marketplace, 4 Sidney Nolan Street",Conder,2021-09-01,,
Casual,Woolworths Dickson,1 Dickson Place,Dickson,2021-09-01,,
Monitor,Woolworths Kippax,24/48 Hardwick Crescent,Holt,2021-09-01,,
Casual,Kaleen Plaza Pharmacy,"Shop 5, Kaleen Shopping Centre, Georgina Crescent",Kaleen,2021-09-01,,
Casual,Bus Route 51 Transport Canberra Code BUS560,Lyneham Shops to Dickson Interchange,Public Transport,2021-08-31,,
Casual,Develins City Chemist,3/4 Garema Place,Canberra City,2021-08-31,,
Monitor,ALDI Casey,15 Kingsland Parade,Casey,2021-08-31,,
Monitor,Baby Bunting Belconnen,"Westfield Belconnen, Benjamin Way",Belconnen,2021-08-31,,
Casual,Bidfood Canberra,16 Mildura Street,Fyshwick,2021-08-31,,
Casual,Bus Route 61 Transport Canberra Code BUS359,Woden Interchange to Phillip,Public Transport,2021-08-31,,
Casual,Bus Route 66 Transport Canberra Code BUS355,Denman Prospect to Woden Interchange,Public Transport,2021-08-31,,
Close,Busy Bees at the Park,37 Brindabella Circuit,Canberra Airport,2021-08-31,,
Monitor,BWS Dickson (Wolley Street),u1/38 Woolley Street,Dickson,2021-08-31,,
monitor,Caffe Cherry Beans Majura Park,"Majura Park Shopping Centre, 18/26 Spitfire Avenue",Canberra Airport,2021-08-31,,
Monitor,Caltex Canberra Airport,"Canberra Airport, 1/3 Rogan Street",Pialligo,2021-08-31,,
Monitor,Casey Market Town,15 Kingsland Parade,Casey,2021-08-31,,
Casual,Centrelink - Braddon Service Centre,13 Lonsdale Street,Braddon,2021-08-31,,
Monitor,Centrelink - Braddon Service Centre,13 Lonsdale Street,Braddon,2021-08-31,,
Casual,Centrelink - Woden Service Centre,2-6 Bowes Street,Phillip,2021-08-31,,
Monitor,Coles Woden,"Westfield Woden, Keltie Street",Phillip,2021-08-31,,
Monitor,Cooleman Court Shopping Centre,Brierly Street,Weston,2021-08-31,,
Casual,Cooleman Court Shopping Centre - Public Toilets,Brierly Street,Weston,2021-08-31,,
Monitor,Dan Murphy's Dickson,44 Dickson Place,Dickson,2021-08-31,,
Monitor,Florey Pharmacy,2 Kesteven Street,Florey,2021-08-31,,
Monitor,Friendly Grocer Narrabundah,6 Iluka Street,Narrabundah,2021-08-31,,
Monitor,IGA X-press Swinger Hill,84 Ainsworth Street,Mawson,2021-08-31,,
Monitor,Million Dollar Kiosk,"Westfield Belconnen, Benjamin Way",Belconnen,2021-08-31,,
Monitor,Westfield Belconnen,"Westfield Belconnen, Benjamin Way",Belconnen,2021-08-31,,
Monitor,Westfield Woden,"Westfield Woden, Keltie Street",Phillip,2021-08-31,,
Casual,Woolworths Gungahlin,30 Hibberson Street,Gungahlin,2021-08-31,,
Monitor,Woolworths Mawson,15 Mawson Place,Mawson,2021-08-31,,
Monitor,Woolworths Metro,1/6 Grazier Lane,Belconnen,2021-08-31,,
Casual,Kinn Thai Restaurant,125 Bunda Street,Canberra City,2021-08-30,,
Monitor,7-Eleven Erindale,76 Gartside Street,Wanniassa,2021-08-30,,
Monitor,7-Eleven Mawson,1 Mawson Place,Mawson,2021-08-30,,
Monitor,ALDI Casey,15 Kingsland Parade,Casey,2021-08-30,,
Monitor,ALDI Gungahlin,Hibberson Street,Gungahlin,2021-08-30,,
Monitor,Belco Halal Kebabs and Pizzeria,"Westfield Belconnen, Belconnen Way",Belconnen,2021-08-30,,
Casual,Bidfood Canberra,16 Mildura Street,Fyshwick,2021-08-30,,
Monitor,Bridgestone Select Tuggeranong,182 Scollay Street,Greenway,2021-08-30,,
Casual,Bus Route 65 Transport Canberra Code BUS607,Woden Interchange to Cooleman Court,Public Transport,2021-08-30,,
Casual,Bus Route 66 Transport Canberra Code BUS492,Denman Prospect to Woden Interchange,Public Transport,2021-08-30,,
Casual,Bus Route 7 Transport Canberra Code BUS710,Cooleman Court to City Interchange,Public Transport,2021-08-30,,
Casual,Bus Route 70 Transport Canberra Code BUS376,Cooleman Court to Woden Interchange,Public Transport,2021-08-30,,
Casual,Bus Route 71 Transport Canberra Code BUS601,Woden Interchange to Cooleman Court,Public Transport,2021-08-30,,
Close,Busy Bees at the Park,37 Brindabella Circuit,Canberra Airport,2021-08-30,,
Monitor,Caltex Canberra Airport,"Canberra Airport, 1/3 Rogan Street",Pialligo,2021-08-30,,
Monitor,Canberra Centre,"Canberra Centre, 148 Bunda Street",Canberra City,2021-08-30,,
Monitor,Canberra Centre- Men's Public Toilets (adjacent to Dangerfield),"Canberra Centre, 148 Bunda Street",Canberra City,2021-08-30,,
Monitor,Casey Market Town,15 Kingsland Parade,Casey,2021-08-30,,
Monitor,Chargrilld Eatery and Pizza Bar,1/59 Cameron Avenue,Belconnen,2021-08-30,,
Casual,Chisholm Newsagency and Post Office,"Shop 6, Chisholm Village Shopping Centre, 42 Halley Street",Chisholm,2021-08-30,,
Casual,Coles Chisholm,42 Halley Street,Chisholm,2021-08-30,,
Monitor,Coles Express Dickson,30-34 Antill Street,Dickson,2021-08-30,,
Casual,Coles Kaleen,1 Maribyrnong Avenue,Kaleen,2021-08-30,,
Monitor,Cooleman Court Shopping Centre,Brierly Street,Weston,2021-08-30,,
Casual,Emart Asian Supermarket,Shop 15/45 West Row,Canberra City,2021-08-30,,
Casual,First Choice Liquor Gungahlin,46-50 Hibberson Street,Gungahlin,2021-08-30,,
Monitor,Florey Pharmacy,2 Kesteven Street,Florey,2021-08-30,,
Monitor,IGA Express Nicholls,88 Kellaway Avenue,Nicholls,2021-08-30,,
Monitor,IGA X-press Palmerston,2/16A Kosciuszko Avenue,Palmerston,2021-08-30,,
Casual,Kan Sushi & Poké,3/221 London Circuit,Canberra City,2021-08-30,,
Casual,Priceline Pharmacy Gungahlin,126/43 Hibberson Street,Gungahlin,2021-08-30,,
Casual,Qscan Radiology Clinics Gungahlin,Hibberson Street,Gungahlin,2021-08-30,,
Monitor,SupaExpress Florey,1/26 Kesteven Street,Florey,2021-08-30,,
Casual,SupaExpress Florey,1/26 Kesteven Street,Florey,2021-08-30,,
Casual,Woolworths Charnwood,25-30 Charnwood Place,Charnwood,2021-08-30,,
Monitor,Woolworths Mawson,15 Mawson Place,Mawson,2021-08-30,,
Monitor,Woolworths Metro Hawker,Springvale Drive,Hawker,2021-08-30,,
Casual,Woolworths Weston Creek,Corner Brierly Street and Mahony Court,Weston,2021-08-30,,
Monitor,7-Eleven Braddon,20 Mort Street,Braddon,2021-08-29,,
Monitor,Ainslie Cellars,7 Edgar Street,Ainslie,2021-08-29,,
Monitor,Ainslie Cellars,7 Edgar Street,Ainslie,2021-08-29,,
Casual,Aldi Cooleman Court Shopping Centre,Brierly Street,Weston,2021-08-29,,
Casual,ALDI Gungahlin,Hibberson Street,Gungahlin,2021-08-29,,
Monitor,Ampol Petrol Calwell,Were Street,Calwell,2021-08-29,,
Close,Argyle Housing - Ainslie Village,23 Quick Street,Campbell,2021-08-29,,
Casual,Bidfood Canberra,16 Mildura Street,Fyshwick,2021-08-29,,
Casual,Bus Route 31 Transport Canberra Code BUS664,City Interchange to Braddon (Ainslie Ave),Public Transport,2021-08-29,,
Casual,Bus Route 53 Transport Canberra Code BUS586,Ainslie (Chisholm St) to Ainslie Shops,Public Transport,2021-08-29,,
Casual,Bus Route 53 Transport Canberra Code BUS645,Ainslie (Campbell St) between Foveaux St and Chisholm St,Public Transport,2021-08-29,,
Casual,Bus Route 64 Transport Canberra Code BUS641,Cooleman Court to Woden Interchange,Public Transport,2021-08-29,,
Casual,Bus Route 65 Transport Canberra Code BUS641,Woden Interchange to Cooleman Court,Public Transport,2021-08-29,,
Monitor,BWS Weston Creek,Corner Brierly Street and Mahony Court,Weston,2021-08-29,,
Monitor,Cafe au Lait Cooleman Court,Brierly Street,Weston,2021-08-29,,
Monitor,Cooleman Court Shopping Centre,Brierly Street,Weston,2021-08-29,,
Monitor,"Crust Bakery Cafe, Fyshwick Fresh Food Markets",12 Dalby Street,Fyshwick,2021-08-29,,
Monitor,"Deli Planet, Fyshwick Fresh Food Markets",12 Dalby Street,Fyshwick,2021-08-29,,
Monitor,Dominos Pizza Erindale,1/20 Gartside Street,Wanniassa,2021-08-29,,
Monitor,Fyshwick Fresh Food Markets,36 Mildura Street,Fyshwick,2021-08-29,,
Monitor,"Fyshwick Halal Poultry, Fyshwick Fresh Food Markets",36 Mildura Street,Fyshwick,2021-08-29,,
Monitor,IGA Palmerston,2/16A Kosciuszko Avenue,Palmerston,2021-08-29,,
Monitor,"Ma Ma Dumpling, Fyshwick Fresh Food Markets",36 Mildura Street,Fyshwick,2021-08-29,,
Monitor,Master Kebabs Wanniassa,50 Denigan Street,Wanniassa,2021-08-29,,
Monitor,McDonalds Conder,Box Hill Avenue,Conder,2021-08-29,,
Monitor,Oscy's Burgers Tuggeranong,90 Reed Street,Greenway,2021-08-29,,
Monitor,"Piccolo Market Coffee, Fyshwick Fresh Food Markets",36 Mildura Street,Fyshwick,2021-08-29,,
Close,Priceline Pharmacy Woden,"Westfield Woden, Keltie Street",Phillip,2021-08-29,,
Monitor,Reject Shop Cooleman Court Shopping Centre,Brierly Street,Weston,2021-08-29,,
Monitor,Supabarn Express Watson,5 Watson Place,Watson,2021-08-29,,
Casual,Woolworths Gungahlin,30 Hibberson Street,Gungahlin,2021-08-29,,
Casual,Woolworths Mawson,15 Mawson Place,Mawson,2021-08-29,,
Monitor,Woolworths Wanniassa,"Erindale Shopping Centre, 50-68 Comrie Street",Wanniassa,2021-08-29,,
Casual,Woolworths Weston Creek,Corner Brierly Street and Mahony Court,Weston,2021-08-29,,
Monitor,"Ziggy's Fruit Market, Fyshwick Fresh Food Markets",36 Mildura Street,Fyshwick,2021-08-29,,
Monitor,Ampol Foodary Weston,49 Brierly Street,Weston,2021-08-28,,
Close,Argyle Housing - Ainslie Village,23 Quick Street,Campbell,2021-08-28,,
Casual,Bidfood Canberra,16 Mildura Street,Fyshwick,2021-08-28,,
Monitor,BP Chisholm,3 Benham Street,Chisholm,2021-08-28,,
Monitor,Canberra Cafe Greenway,Shop 12/ 150-180 Soward Way,Greenway,2021-08-28,,
Monitor,Cellarbrations Erindale,1/50 Denigan Street,Wanniassa,2021-08-28,,
Casual,Coles Canberra Centre,"Canberra Centre, 148 Bunda Street",Canberra City,2021-08-28,,
Monitor,Hungry Jacks Gungahlin,Corner Gundaroo Drive and Gibberson Street,Gungahlin,2021-08-28,,
Monitor,IGA Holt,Holt Place,Holt,2021-08-28,,
Casual,Kingsley's Chicken Kippax,"Kippax Fair Shopping Centre, 26 Hardwick Crescent",Holt,2021-08-28,,
Monitor,McDonalds Erindale,Corner Ricardo Street and McBryde Crescent,Wanniassa,2021-08-28,,
Monitor,Oporto Tuggeranong,"Tuggeranong South.Point Shopping Centr, 210 Anketell Street",Greenway,2021-08-28,,
Monitor,Pizza Hut Erindale,Shop 2/38 Gartside Street,Wanniassa,2021-08-28,,
Monitor,Westfield Woden,"Westfield Woden, Keltie Street",Phillip,2021-08-28,,
Monitor,Westfield Woden,"Westfield Woden, Keltie Street",Phillip,2021-08-28,,
Casual,Woolworths Dickson,1 Dickson Place,Dickson,2021-08-28,,
Casual,Woolworths Kippax,"Kippax Fair Shopping Centre, 26 Hardwick Crescent",Holt,2021-08-28,,
Casual,Woolworths Mawson,15 Mawson Place,Mawson,2021-08-28,,
Casual,Woolworths Woden,"Westfield Woden, Keltie Street",Phillip,2021-08-28,,
Casual,Woolworths Woden,"Westfield Woden, Keltie Street",Phillip,2021-08-28,,
Monitor,IGA Lyneham,1 Wattle Place,Lyneham,2021-08-27,,
Close,Argyle Housing - Ainslie Village,23 Quick Street,Campbell,2021-08-27,,
Monitor,Australia Post Braddon,2c/32 Mort Street,Braddon,2021-08-27,,
Monitor,Australia Post Fyshwick,22 Townsville Street,Fyshwick,2021-08-27,,
Casual,Bidfood Canberra,16 Mildura Street,Fyshwick,2021-08-27,,
Monitor,BP Phillip,166 Melrose Drive,Phillip,2021-08-27,,
Casual,Canberra Halal Market,"Shop 1a, 116 Hardwick Crescent",Holt,2021-08-27,,
Monitor,Canturf,14 Cessnock Street,Fyshwick,2021-08-27,,
Monitor,Coles Chisholm,42 Halley Street,Chisholm,2021-08-27,,
Monitor,Coles Manuka,Franklin Street and Flinders Way,Griffith,2021-08-27,,
Monitor,EG Fuel Canberra Gateway,41 Federal Highway,Lyneham,2021-08-27,,
Monitor,Grill'd Manuka,1/40-42 Franklin Street,Griffith,2021-08-27,,
Monitor,Indian Affair,64 Colbee Court,Phillip,2021-08-27,,
Monitor,JAGA Swanson Court,"Level 1, 11-17 Swanson Court",Belconnen,2021-08-27,,
Casual,JAGA Swanson Court,"Level 1, 11-17 Swanson Court",Belconnen,2021-08-27,,
Casual,KFC Woden,48 Botany Street,Phillip,2021-08-27,,
Monitor,Kingsley's Chicken Westfield Woden,"Westfield Woden, Keltie Street",Phillip,2021-08-27,,
Casual,Light Rail Route R1 Transport Canberra Code LRV002,Dickson Interchange to Alinga Street,Public Transport,2021-08-27,,
Monitor,Liquorland Woden,"Westfield Woden, Keltie Street",Phillip,2021-08-27,,
Casual,McDonalds Erindale,Corner Ricardo Street and McBryde Crescent,Wanniassa,2021-08-27,,
Monitor,Metro Petroleum Mitchell,Lysaght Street,Mitchell,2021-08-27,,
Casual,Nandos Canberra Centre,"Shop FG1, Canberra Centre, 125 Bunda Street",Canberra City,2021-08-27,,
Casual,Officeworks Belconnen,5 Cohen Street,Belconnen,2021-08-27,,
Monitor,Oporto Phillip,82 Parramatta Street,Phillip,2021-08-27,,
Close,Priceline Pharmacy Woden,"Shop G98, Westfield Woden",Phillip,2021-08-27,,
Casual,SupaBarn Express Watson,5 Watson Place,Watson,2021-08-27,,
Casual,TSG Chisholm,"Shop 1B, Chisholm Village Shopping Centre, 42 Halley Street",Chisholm,2021-08-27,,
Monitor,Watson Pharmacy and Australia Post,1 Watson Place,Watson,2021-08-27,,
Monitor,Westfield Woden,"Westfield Woden, Keltie Street",Phillip,2021-08-27,,
Casual,Woolworths Metro Hawker,Springvale Drive,Hawker,2021-08-27,,
Monitor,Woolworths Weston Creek,Corner Brierly Street and Mahony Court,Weston,2021-08-27,,
Casual,Woolworths Woden,"Westfield Woden, Keltie Street",Phillip,2021-08-27,,
Monitor,Hawker Discount Drug Store,72-74 Hawker Place,Hawker,2021-08-27,,
Casual,ALDI Canberra Centre,"Canberra Centre, 148 Bunda Street",Canberra City,2021-08-26,,
Close,Argyle Housing - Ainslie Village,23 Quick Street,Campbell,2021-08-26,,
Close,Argyle Housing - Ainslie Village (Winter Lodge),23 Quick Street,Campbell,2021-08-26,,
Casual,Bidfood Canberra,16 Mildura Street,Fyshwick,2021-08-26,,
Casual,Bus Route 22 Transport Canberra Code BUS491,Gungahlin Place to Throsby,Public Transport,2021-08-26,,
Monitor,BWS Mawson,Mawson Place,Mawson,2021-08-26,,
Monitor,BWS Weston Creek,Corner Brierly Steret and Mahoney Crescent,Weston,2021-08-26,,
Monitor,Cellarbrations Belconnen,Luxton Street and Josephson Street,Belconnen,2021-08-26,,
Monitor,Cellarbrations Gungahlin,24-30 Ernest Cavanagh Street,Gungahlin,2021-08-26,,
Monitor,Coffee Guru Lanyon,"Lanyon Marketplace, 4 Sidney Nolan Street",Conder,2021-08-26,,
Casual,Coles Canberra Centre,"Canberra Centre, 148 Bunda Street",Canberra City,2021-08-26,,
Casual,Domino's Pizza Mawson,9/93 Mawson Place,Mawson,2021-08-26,,
Monitor,Espresso Room Westfield Woden,"Westfield Woden, Keltie Street",Phillip,2021-08-26,,
Casual,Garema Place Surgery,"Level 1, Florina Building, Garema Place",Canberra City,2021-08-26,,
Monitor,Goodberry's Erindale,2/20 Gartside Street,Wanniassa,2021-08-26,,
Casual,GP Respiratory Clinic,5 Baratta Street,Crace,2021-08-26,,
Monitor,IGA X-press Palmerston,2/16A Kosciuszko Avenue,Palmerston,2021-08-26,,
Casual,JAGA Swanson Court,"Level 1, 11-17 Swanson Court",Belconnen,2021-08-26,,
Monitor,Kingsley's Chicken Conder,"Lanyon Marketplace, 4 Sidney Nolan Street",Conder,2021-08-26,,
Monitor,Kingsley's Chicken Westfield Woden,"Westfield Woden, Keltie Street",Phillip,2021-08-26,,
Monitor,Lanyon Newsagency & Gift Shop,"Lanyon Marketplace, 4 Sidney Nolan Street",Conder,2021-08-26,,
Monitor,Lanyon Newsagency & Gift Shop,"Lanyon Marketplace, 4 Sidney Nolan Street",Conder,2021-08-26,,
Casual,Light Rail Route R1 Transport Canberra Code LRV009,Gungahlin to Manning Clark North,Public Transport,2021-08-26,,
Casual,Officeworks Braddon,30 Mort Street,Braddon,2021-08-26,,
Casual,On-Lake Cafe,"Bowen Park, Bowen Drive",Barton,2021-08-26,,
Close,Priceline Pharmacy Woden,"Shop G98, Westfield Woden",Phillip,2021-08-26,,
Casual,Saint Clare of Assisi Outside School Hours Care (OSHC),Box Hill Avenue and Heidelberg Street,Conder,2021-08-26,,
Casual,Saint Clare of Assisi Outside School Hours Care (OSHC),Box Hill Avenue and Heidelberg Street,Conder,2021-08-26,,
Close,Saint Clare of Assisi Primary School,Box Hill Avenue and Heidelberg Street,Conder,2021-08-26,,
Monitor,San Churro Woden,"Westfield Woden, Keltie Street",Woden,2021-08-26,,
Casual,SupaBarn Express Watson,5 Watson Place,Watson,2021-08-26,,
Monitor,Sushi Island Lanyon,14/3 Sidney Nolan St,Conder,2021-08-26,,
Monitor,The Bottle O-Mitchell,Brookes Street,Mitchell,2021-08-26,,
Monitor,The Meadows Original Frozen Custard,127/3 Clare Burton Crescent,Franklin,2021-08-26,,
Monitor,The Pharmacy on Petrie,148 Bunda Street,Canberra City,2021-08-26,,
Monitor,Westfield Woden,"Westfield Woden, Keltie Street",Phillip,2021-08-26,,
Monitor,Westpac Canberra Centre,148 Bunda Street,Canberra City,2021-08-26,,
Casual,Woolworths Conder,"Lanyon Marketplace, 4 Sidney Nolan Street",Conder,2021-08-26,,
Casual,Woolworths Metro Hawker,Springvale Drive,Hawker,2021-08-26,,
Monitor,Woolworths Weston Creek,Corner Brierly Street and Mahoney Crescent,Weston,2021-08-26,,
Casual,Woolworths Woden,"Westfield Woden, Keltie Street",Phillip,2021-08-26,,
Casual,Woolworths Woden,"Westfield Woden, Keltie Street",Phillip,2021-08-26,,
Casual,ALDI Chisholm,36 Benham Street,Chisholm,2021-08-25,,
Close,Argyle Housing - Ainslie Village,23 Quick Street,Campbell,2021-08-25,,
Close,Argyle Housing - Ainslie Village (Winter Lodge),23 Quick Street,Campbell,2021-08-25,,
Monitor,Australia Post Gungahlin,46 Hibberson Street,Gungahlin,2021-08-25,,
Monitor,Best Friends Pets Fyshwick,1 Barrier Street,Fyshwick,2021-08-25,,
Casual,Bidfood Canberra,16 Mildura Street,Fyshwick,2021-08-25,,
Monitor,Calwell Shopping Centre,7 Webber Crescent,Calwell,2021-08-25,,
Monitor,Cellarbrations Gungahlin,24-30 Ernest Cavanagh Street,Gungahlin,2021-08-25,,
Monitor,Clay.,2 David Street,Turner,2021-08-25,,
Casual,Coles Chisholm,42 Halley Street,Chisholm,2021-08-25,,
Casual,Coles Chisholm,42 Halley Street,Chisholm,2021-08-25,,
Monitor,Coles Jamison,"Jamison Plaza, Bowman Street",Macquarie,2021-08-25,,
Casual,Costco Canberra,39-41 Mustang Avenue,Majura Park,2021-08-25,,
Casual,Costco Canberra,39-41 Mustang Avenue,Majura Park,2021-08-25,,
Monitor,Grill'd Belconnen,301 Benjamin Way,Belconnen,2021-08-25,,
Monitor,Jamison Plaza News,"Jamison Plaza, Bowman Street",Macquarie,2021-08-25,,
Casual,Optus Canberra Centre,"Shop AG12B, Canberra Centre, 148 Bunda Street",Canberra City,2021-08-25,,
Monitor,Petbarn Majura Park,15 Mustange Avenue,Majura Park,2021-08-25,,
Monitor,Priceline Pharmacy Tuggeranong,"Hyperdome Shopping Centre, 148 Anketell Street",Greenway,2021-08-25,,
Monitor,The Chifley Grocer,20-22 Chifley Place,Chifley,2021-08-25,,
Monitor,Tikka Take,Shop 6/21 Genge Street,Canberra City,2021-08-25,,
Monitor,Total Tools Fyshwick,103 Gladstone Street,Fyshwick,2021-08-25,,
Monitor,Universal Phone Services Canberra Centre,"Shop AG14, Canberra Centre, 148 Bunda Street",Canberra City,2021-08-25,,
Monitor,Wokitup! Kippax,118 Hardwick Crescent,Holt,2021-08-25,,
Casual,Woolworths Conder,"Lanyon Marketplace, 4 Sidney Nolan Street",Conder,2021-08-25,,
Casual,ALDI Canberra Centre,"Canberra Centre, 148 Bunda Street",Canberra City,2021-08-24,,
Casual,Woolworths Kippax,"Kippax Fair Shopping Centre, 26 Hardwick Crescent",Holt,2021-08-24,,
Monitor,ALDI Amaroo,12 Pioneer Street,Amaroo,2021-08-24,,
Monitor,ALDI Amaroo,12 Pioneer Street,Amaroo,2021-08-24,,
Monitor,ALDI Casey,"Casey Market Town, 15 Kingsland Parade",Casey,2021-08-24,,
Casual,Bunnings Gungahlin,10 Gribble Street,Gungahlin,2021-08-24,,
Monitor,Chemist Warehouse Gungahlin,30 Hibberson Street,Gungahlin,2021-08-24,,
Monitor,Chemist Warehouse Woden,24 Corinna Street,Woden,2021-08-24,,
Casual,Coles Chisholm,42 Halley Street,Chisholm,2021-08-24,,
Monitor,Coles Gungahlin,Gungahlin Place,Gungahlin,2021-08-24,,
Monitor,Evatt Newsagency,3 Heydon Place,Evatt,2021-08-24,,
Casual,IGA Holt,Holt Place,Holt,2021-08-24,,
Casual,KFC Dickson,81 Woolley Street,Dickson,2021-08-24,,
Casual,Master Kebabs,50 Denigan Street,Wanniassa,2021-08-24,,
Close,Mirchi Indian Cuisine,4 Riley Close,Ngunnawal,2021-08-24,,
Monitor,Priceline Pharmacy Casey,"Casey Market Town, 15 Kingsland Parade",Casey,2021-08-24,,
Monitor,"Services Australia (Entire building, refer to Casual Contacts entry if attended Level 4)",57 Athllon Drive,Greenway,2021-08-24,,
Casual,Services Australia (Level 4),57 Athllon Drive,Greenway,2021-08-24,,
Monitor,The Public Place,"Chisholm Village Shopping Centre, 42 Halley Street",Chisholm,2021-08-24,,
Casual,Woolworths Gungahlin,30/33 Hibberson Street,Gungahlin,2021-08-24,,
Monitor,Woolworths Kippax,"Kippax Fair Shopping Centre, 26 Hardwick Crescent",Holt,2021-08-24,,
Casual,ALDI Canberra Centre,"Canberra Centre, 148 Bunda Street",Canberra City,2021-08-23,,
Monitor,7-Eleven Casey,"Casey Market Town, 10 Kingsland Parade",Casey,2021-08-23,,
Monitor,ALDI Casey,"Casey Market Town, 15 Kingsland Parade",Casey,2021-08-23,,
Casual,Belconnen Discount Pharmacy (Priceline),1-5 Chandler Street,Belconnen,2021-08-23,,
Casual,Coles Chisholm,42 Halley Street,Chisholm,2021-08-23,,
Casual,Coles Tuggeranong,Pitman Street,Greenway,2021-08-23,,
Casual,Gerald Slaven Ford Phillip,29 Botany Street,Phillip,2021-08-23,,
Casual,KFC Dickson,81 Woolley Street,Dickson,2021-08-23,,
Monitor,Liquorland Tuggeranong,Corner Northern Street and Western Street,Greenway,2021-08-23,,
Close,Mirchi Indian Cuisine,4 Riley Close,Ngunnawal,2021-08-23,,
Monitor,Priceline Pharmacy Casey,"Casey Market Town, 15 Kingsland Parade",Casey,2021-08-23,,
Monitor,Priceline Pharmacy Tuggeranong,148 Anketell Street,Greenway,2021-08-23,,
Monitor,Samiuz,3/57 Benjamin Way,Belconnen,2021-08-23,,
Casual,Service Australia (Calypso Cafe),57 Athllon Drive,Greenway,2021-08-23,,
Monitor,"Services Australia (Entire building, refer to Casual Contacts entry if attended Level 4)",57 Athllon Drive,Greenway,2021-08-23,,
Casual,Services Australia (Level 4),57 Athllon Drive,Greenway,2021-08-23,,
Casual,Supabarn Casey,"Casey Market Town, 15 Kingsland Parade",Casey,2021-08-23,,
Casual,Universal Phone Services Canberra Centre,"Shop AG14, Canberra Centre, 148 Bunda Street",Canberra City,2021-08-23,,
Casual,Woolworths Kippax,48 Hardwick Crescent,Holt,2021-08-23,,
Monitor,Woolworths Kippax,48 Hardwick Crescent,Holt,2021-08-23,,
Monitor,ALDI Amaroo,12 Pioneer Street,Amaroo,2021-08-22,,
Casual,ALDI Casey,"Casey Market Town, 15 Kingsland Parade",Casey,2021-08-22,,
Casual,ALDI Gungahlin,Hibberson Street,Gungahlin,2021-08-22,,
Casual,Coles Amaroo,Horse Park Drive,Amaroo,2021-08-22,,
Monitor,Coles Chisholm,42 Halley Street,Chisholm,2021-08-22,,
Casual,Gelato Messina Braddon,4/21 Lonsdale Street,Braddon,2021-08-22,,
Monitor,Haig Park,Haig Park,Braddon & Turner,2021-08-22,,
Monitor,IGA Denman Prospect,20/3 Felstead Vista,Denman Prospect,2021-08-22,,
Casual,Le Bon Melange Cafe,G09/48 Gungahlin Place and Bruning Street,Gungahlin,2021-08-22,,
Close,Mirchi Indian Cuisine,4 Riley Close,Ngunnawal,2021-08-22,,
Monitor,Oporto Weston,Kirkpatrick Street,Weston,2021-08-22,,
Casual,Supabarn Casey,"Casey Market Town, 15 Kingsland Parade",Casey,2021-08-22,,
Casual,Woolworths Gungahlin,33 Hibberson Street,Gungahlin,2021-08-22,,
Monitor,ALDI Chisholm,36 Benham Street,Chisholm,2021-08-21,,
Monitor,Australia Post Gungahlin,46 Hibberson Street,Gungahlin,2021-08-21,,
Casual,Bottlemart Express Braddon,94 Lowanna Street,Braddon,2021-08-21,,
Monitor,Caltex Canberra Airport,"Canberra Airport, 1/3 Rogan Street",Pialligo,2021-08-21,,
Monitor,Capital Chemist Charnwood,41 Charnwood Place,Charnwood,2021-08-21,,
Casual,Charcoal Rooster Braddon,94 Lowanna Street,Braddon,2021-08-21,,
Monitor,Coles Amaroo,Horse Park Drive,Amaroo,2021-08-21,,
Monitor,Coles Amaroo,Horse Park Drive,Amaroo,2021-08-21,,
Monitor,Coles Canberra Centre,"Canberra Centre, 148 Bunda Street",Canberra City,2021-08-21,,
Monitor,Crust Pizza Charnwood,41 Charnwood Place,Charnwood,2021-08-21,,
Monitor,Domino's Pizza Holt,8/118-126 Hardwick Crescent,Holt,2021-08-21,,
Monitor,Erindale Pharmacy,2 Denigan Street,Wanniassa,2021-08-21,,
Casual,Light Rail- R1 Transport Canberra Code LRV010,Ipima Street to Nullarbor Avenue,Public Transport,2021-08-21,,
Casual,Light Rail- R1 Transport Canberra Code LRV010,Alinga Street to Ipima Street,Public Transport,2021-08-21,,
Casual,Light Rail- R1 Transport Canberra Code LRV011,Nullarbor Avenue to Alinga Street,Public Transport,2021-08-21,,
Monitor,Liquorland Amaroo,Horse Park Drive,Amaroo,2021-08-21,,
Casual,Mawson Halal Market,2/79 Mawson Place,Mawson,2021-08-21,,
Monitor,Mister Minit Gungahlin,"Gungahlin Marketplace, 30 Hibberson Street",Gungahlin,2021-08-21,,
Monitor,Raku Canberra Centre,"Shop DG36C, Canberra Centre, 148 Bunda Street",Canberra City,2021-08-21,,
Monitor,Woolworths Metro Franklin,"51 Nullarbor Avenue, Corner Flemington Road",Franklin,2021-08-21,,
Monitor,Woolworths Wanniassa,"Erindale Shopping Centre, 50-68 Comrie Street",Wanniassa,2021-08-21,,
Monitor,Woolworths Weston Creek,Corner Brierly Street and Mahony Court,Weston,2021-08-21,,
Monitor,ALDI Amaroo,12 Pioneer Street,Amaroo,2021-08-20,,
Casual,Belconnen Community Health Centre - Ground Floor (Toilet Facility),56 Lathlain Street,Belconnen,2021-08-20,,
Monitor,Belconnen Community Health Centre- Ground Floor,56 Lathlain Street,Belconnen,2021-08-20,,
Casual,Bottlemart Express Braddon,94 Lowanna Street,Braddon,2021-08-20,,
Close,Bright Bees Childcare,40 O'Hanlon Place,Nicholls,2021-08-20,,
Casual,Charcoal Rooster Braddon,94 Lowanna Street,Braddon,2021-08-20,,
Monitor,Crust Pizza Wanniassa,Shop 9B/20 Gartside Steet,Wanniassa,2021-08-20,,
Casual,Guzman y Gomez Canberra Centre,148 Bunda Street,Canberra City,2021-08-20,,
Casual,Kingsley's Chicken Weston,2 Liardet Street,Weston,2021-08-20,,
Monitor,NewsXpress Wanniassa,"Erindale Shopping Centre, 2 Denigan Street",Wanniassa,2021-08-20,,
Casual,Ochre Medical Centre Tuggeranong,140 Anketell Street,Greenway,2021-08-20,,
Casual,Warrumbul Lodge,4 Hutton Street,Canberra City,2021-08-20,,
Monitor,Wokitup Gungahlin,4/46 Hibberson Street,Gungahlin,2021-08-20,,
Monitor,Woolworths Metro,1/6 Grazier Lane,Belconnen,2021-08-20,,
Casual,Woolworths Tuggeranong,Corner Anketell and Reed Street,Greenway,2021-08-20,,
Monitor,Woolworths Wanniassa,"Erindale Shopping Centre, 50-68 Comrie Street",Wanniassa,2021-08-20,,
Monitor,BP Kingston,77 Canberra Avenue,Kingston,2021-08-19,,
Close,Bright Bees Childcare,40 O'Hanlon Place,Nicholls,2021-08-19,,
Monitor,Caltex Erindale,McBryde Crescent and Denigan Street,Wanniassa,2021-08-19,,
Casual,Chemist Warehouse Belconnen Markets,2 Ibbott Lane,Belconnen,2021-08-19,,
Monitor,Chemist Warehouse Gungahlin,30 Hibberson Street,Gungahlin,2021-08-19,,
Casual,Coles Canberra Centre,"Canberra Centre, 148 Bunda Street",Canberra City,2021-08-19,,
Monitor,Da Bronx,2/26 Francis Forde Boulevard,Forde,2021-08-19,,
Casual,Guzman y Gomez Canberra Centre,148 Bunda Street,Canberra City,2021-08-19,,
Casual,Warrumbul Lodge,4 Hutton Street,Canberra City,2021-08-19,,
Monitor,Woolworths Weston Creek,Corner Brierly Street and Mahony Court,Weston,2021-08-19,,
Close,Condamine Court,40-48 Forbes Street,Turner,2021-08-19,,
Monitor,85 Degrees,"Canberra Centre, 148 Bunda Street",Canberra City,2021-08-18,,
Monitor,85 Degrees,"Canberra Centre, 148 Bunda Street",Canberra City,2021-08-18,,
Close,Bright Bees Childcare,40 O'Hanlon Place,Nicholls,2021-08-18,,
Monitor,Canberra Centre,"Canberra Centre, 148 Bunda Street",Canberra City,2021-08-18,,
Monitor,Coles Manuka,Franklin Street and Flinders Way,Griffith,2021-08-18,,
Close,Condamine Court,40-48 Forbes Street,Turner,2021-08-18,,
Monitor,Crust Pizza Weston,2-4 Liardet Street,Weston,2021-08-18,,
Monitor,Erindale Pharmacy,2 Denigan Street,Wanniassa,2021-08-18,,
Casual,Guzman y Gomez Canberra Centre,148 Bunda Street,Canberra City,2021-08-18,,
Monitor,IGA O'Connor,3 Sargood Street,O'Connor,2021-08-18,,
Casual,Oliver Brown Canberra Centre,148 Bunda Street,Canberra City,2021-08-18,,
Monitor,The Butcher Shop Wanniassa,60 Comrie Street,Wanniassa,2021-08-18,,
Casual,Warrumbul Lodge,4 Hutton Street,Canberra City,2021-08-18,,
Monitor,Westfield Belconnen,"Westfield Belconnen, Benjamin Way",Belconnen,2021-08-18,,
Monitor,Woolworths Wanniassa,"Erindale Shopping Centre, 50-68 Comrie Street",Wanniassa,2021-08-18,,
Close,Bright Bees Childcare,40 O'Hanlon Place,Nicholls,2021-08-17,,
Casual,Bunnings Belconnen,15 Lathlain Street,Belconnen,2021-08-17,,
Casual,Chemist Warehouse Belconnen Markets,2 Ibbott Lane,Belconnen,2021-08-17,,
Monitor,Chemist Warehouse Phillip,24 Corinna Street,Phillip,2021-08-17,,
Casual,Coles Belconnen,"Westfield Belconnen, Benjamin Way",Belconnen,2021-08-17,,
Casual,Coles Canberra Centre,"Canberra Centre, 148 Bunda Street",Canberra City,2021-08-17,,
Monitor,Commonwealth Bank Dickson,Dickson Place,Dickson,2021-08-17,,
Close,Condamine Court,40-48 Forbes Street,Turner,2021-08-17,,
Casual,Gift n Lotto Xpress,"Westfield Belconnen, Benjamin Way",Belconnen,2021-08-17,,
Close,Ginninderra Early Childhood Centre,Swanson Court,Belconnen,2021-08-17,,
Casual,Guardian Pharmacy,"Westfield Belconnen, Benjamin Way",Belconnen,2021-08-17,,
Casual,Guzman y Gomez Canberra Centre,148 Bunda Street,Canberra City,2021-08-17,,
Monitor,KFC Dickson,81 Woolley Street,Dickson,2021-08-17,,
Casual,Reject Shop Belconnen,"Westfield Belconnen, Benjamin Way",Belconnen,2021-08-17,,
Casual,Warrumbul Lodge,4 Hutton Street,Canberra City,2021-08-17,,
Monitor,Westfield Belconnen,"Westfield Belconnen, Benjamin Way",Belconnen,2021-08-17,,
Casual,Woolworths Dickson,1 Dickson Place,Dickson,2021-08-17,,
Casual,7-Eleven Mawson,1 Mawson Place,Mawson,2021-08-16,,
Casual,ALDI Belconnen,"Westfield Belconnen, Benjamin Way",Belconnen,2021-08-16,,
Casual,BWS Belconnen,"Westfield Belconnen, Benjamin Way",Belconnen,2021-08-16,,
Monitor,China Tea House,2/38-70 Gartside Street,Wanniassa,2021-08-16,,
Close,Condamine Court,40-48 Forbes Street,Turner,2021-08-16,,
Casual,Easi Mart,45 Eastlake Parade,Kingston,2021-08-16,,
Casual,Food Forum,"Westfield Belconnen, Benjamin Way",Belconnen,2021-08-16,,
Casual,Guzman y Gomez Canberra Centre,148 Bunda Street,Canberra City,2021-08-16,,
Casual,IGA O'Connor,3 Sargood Street,O'Connor,2021-08-16,,
Monitor,Jiparu Cellars,96 Wollongong Street,Fyshwick,2021-08-16,,
Casual,"Laundry Facility, Unilodge @ANU- Kinloch Lodge",35 Childers Street,Canberra City,2021-08-16,,
Casual,McDonalds Braddon,Corner Cooyong Street and Mort Street,Braddon,2021-08-16,,
Casual,National Health Co-op Macquarie,"Macquarie Shops, 5 Macquarie Place",Macquarie,2021-08-16,,
Monitor,NewsXpress Wanniassa,"Erindale Shopping Centre, 2 Denigan Street",Wanniassa,2021-08-16,,
Monitor,SupaExpress Florey,1/26 Kesteven Street,Florey,2021-08-16,,
Casual,Warrumbul Lodge,4 Hutton Street,Canberra City,2021-08-16,,
Casual,Woolworths Belconnen,"Westfield Belconnen, Benjamin Way",Belconnen,2021-08-16,,
Casual,Woolworths Belconnen,"Westfield Belconnen, Benjamin Way",Belconnen,2021-08-16,,
Monitor,Woolworths Wanniassa,"Erindale Shopping Centre, 50-68 Comrie Street",Wanniassa,2021-08-16,,
Monitor,Woolworths Weston Creek,Corner Brierly Street and Mahony Court,Weston,2021-08-16,,
Monitor,Zambrero Weston Creek,14 Brierly Street,Weston,2021-08-16,,
Close,Bright Bees Childcare,40 O'Hanlon Place,Nicholls,2021-08-16,,
Casual,Acai Brothers Canberra Centre,"Canberra Centre, 148 Bunda Street",Canberra City,2021-08-15,,
Casual,ALDI Belconnen,"Westfield Belconnen, Benjamin Way",Belconnen,2021-08-15,,
Casual,ALDI Canberra Centre,"Canberra Centre, 148 Bunda Street",Canberra City,2021-08-15,,
Monitor,Bunnings Belconnen,15 Lathlain Street,Belconnen,2021-08-15,,
Casual,Coles Gungahlin,Gungahlin Place,Gungahlin,2021-08-15,,
Monitor,Coles Manuka,Franklin Street and Flinders Way,Griffith,2021-08-15,,
Close,Condamine Court,40-48 Forbes Street,Turner,2021-08-15,,
Casual,Daily Market Gungahlin,137/43 Hibberson Street,Gungahlin,2021-08-15,,
Monitor,Dan Murphy's Dickson,44 Dickson Place,Dickson,2021-08-15,,
Casual,Domino's Pizza Gungahlin,3/8 Ernest Cavanagh Street,Gungahlin,2021-08-15,,
Monitor,IGA O'Connor,3 Sargood Street,O'Connor,2021-08-15,,
Close,LDK Greenway Views,260 Soward Way,Greenway,2021-08-15,,
Casual,Spence Grocer,1 Glassey Place,Spence,2021-08-15,,
Casual,Woolworths Dickson,1 Dickson Place,Dickson,2021-08-15,,
Casual,7-Eleven Casey,10 Kingsland Parade,Casey,2021-08-14,,
Casual,About Health,2/22-25 Dickson Place,Dickson,2021-08-14,,
Monitor,Capital Chemist O'Connor,9 Sargood Street,O'Connor,2021-08-14,,
Casual,Coles Belconnen,"Westfield Belconnen, Benjamin Way",Belconnen,2021-08-14,,
Monitor,First Choice Liquor Braddon,48 Mort Street,Braddon,2021-08-14,,
Close,Hungry Jacks Belconnen,108 Emu Bank Road,Belconnen,2021-08-14,,
Casual,Hungry Jacks Gungahlin,Hibberson Street,Gungahlin,2021-08-14,,
Casual,IGA Lyneham,1 Wattle Place,Lyneham,2021-08-14,,
Close,LDK Greenway Views,260 Soward Way,Greenway,2021-08-14,,
Casual,McDonalds Dickson,Corner Badham Street and Dickson Place,Dickson,2021-08-14,,
Monitor,Meatways Kambah Butcher,Marconi Crescent,Kambah,2021-08-14,,
Monitor,Oriental Kitchen Charnwood,Charnwood Place,Charnwood,2021-08-14,,
Casual,Spence Grocer,1 Glassey Place,Spence,2021-08-14,,
Casual,The Source Bulk Foods,Shop 7/7/30 Dickson Place,Dickson,2021-08-14,,
Casual,Woolworths Charnwood,25-30 Charnwood Place,Charnwood,2021-08-14,,
Casual,Woolworths Dickson,1 Dickson Place,Dickson,2021-08-14,,
Casual,Woolworths Dickson,1 Dickson Place,Dickson,2021-08-14,,
Casual,Woolworths Kambah,2 Primmer Court,Kambah,2021-08-14,,
Monitor,7-Eleven Phillip,86 Parramatta Street,Phillip,2021-08-13,,
Casual,ALDI Belconnen,"Westfield Belconnen, Benjamin Way",Belconnen,2021-08-13,,
Casual,ALDI Belconnen,"Westfield Belconnen, Benjamin Way",Belconnen,2021-08-13,,
Casual,ALDI Weston Creek,Brierly Street,Weston,2021-08-13,,
Casual,Bus Route 66 Transport Canberra Code BUS643,Coombs to Woden Intechange,Public Transport,2021-08-13,,
Casual,Bus Route 70 Transport Canberra Code BUS321,Woden Interchange to Kambah,Public Transport,2021-08-13,,
Casual,Capital Chemist O’Connor,9 Sargood Street,O'Connor,2021-08-13,,
Casual,Centrelink and Medicare (Services Australia),5 Fussell Lane,Gungahlin,2021-08-13,,
Casual,Coles Amaroo,Horse Park Drive,Amaroo,2021-08-13,,
Casual,Coles Belconnen,"Westfield Belconnen, Benjamin Way",Belconnen,2021-08-13,,
Casual,Coles Belconnen,"Westfield Belconnen, Benjamin Way",Belconnen,2021-08-13,,
Casual,Coles Canberra Centre,"Canberra Centre, 148 Bunda Street",Canberra City,2021-08-13,,
Monitor,Coles Express Charnwood,Lhotsky Street and Charnwood Place,Charnwood,2021-08-13,,
Casual,Costco Majura Park,39-41 Mustang Avenue,Majura Park,2021-08-13,,
Casual,Crust Pizza Braddon,28 Mort Street,Braddon,2021-08-13,,
Casual,Elite Supplements Belconnen,"Westfield Belconnen, Benjamin Way",Belconnen,2021-08-13,,
Monitor,Food Works Weston Creek,40 Holder Place,Holder,2021-08-13,,
Close,Ginninderra Medical & Dental Centre - The general practice section ONLY,Corner Nettlefold Street and Coulter Drive,Belconnen,2021-08-13,,
Monitor,Hawker Drive In Bottle Shop,Belconnen Way and Springvale Drive,Hawker,2021-08-13,,
Close,Hungry Jacks Belconnen,108 Emu Bank Road,Belconnen,2021-08-13,,
Casual,IGA Evatt,Heydon Place,Evatt,2021-08-13,,
Monitor,IGA Lyneham,1 Wattle Place,Lyneham,2021-08-13,,
Casual,Kopiku,1/5 Sargood Street,O'Connor,2021-08-13,,
Close,LDK Greenway Views,260 Soward Way,Greenway,2021-08-13,,
Close,Lennock Jaguar Land Rover,126 Melrose Drive,Phillip,2021-08-13,,
Casual,Liquorland Amaroo,Horse Park Drive,Amaroo,2021-08-13,,
Casual,McDonalds Mitchell (near EPIC),661 Northbourne Avenue,Lyneham,2021-08-13,,
Casual,Officeworks Fyshwick,1 Whyalla Street,Fyshwick,2021-08-13,,
Casual,Supabarn Casey,15 Kingsland Parade,Casey,2021-08-13,,
Monitor,Westfield Belconnen,"Westfield Belconnen, Benjamin Way",Belconnen,2021-08-13,,
Monitor,Westfield Belconnen,"Westfield Belconnen, Benjamin Way",Belconnen,2021-08-13,,
Casual,Westfield Post Office,"Westfield Belconnen, Benjamin Way",Belconnen,2021-08-13,,
Monitor,Woden Bus Interchange,Bowes Street,Phillip,2021-08-13,,
Casual,Woolworths Belconnen,"Westfield Belconnen, Benjamin Way",Belconnen,2021-08-13,,
Casual,Woolworths Belconnen,"Westfield Belconnen, Benjamin Way",Belconnen,2021-08-13,,
Casual,Woolworths Bonner,61 Mabo Boulevard,Bonner,2021-08-13,,
Monitor,Woolworths Weston Creek,Corner Brierly Street and Mahony Court,Weston,2021-08-13,,
Casual,Woolworths Weston Creek,Corner Brierly Street and Mahony Court,Weston,2021-08-13,,
Casual,7-Eleven Braddon,20 Mort Street,Braddon,2021-08-12,,
Casual,7-Eleven Erindale,76 Gartside Street,Wanniassa,2021-08-12,,
Casual,"Abode Hotel (Floors 1, 2 and 3)",14 Kennedy Street,Kingston,2021-08-12,,
Monitor,Abode Hotel (Ground Floor only),14 Kennedy Street,Kingston,2021-08-12,,
Close,ALDI Belconnen,"Westfield Belconnen, Benjamin Way",Belconnen,2021-08-12,,
Monitor,ALDI Kippax,50-60 Hardwick Crescent,Holt,2021-08-12,,
Monitor,Ampol Petrol Station,5 Lonsdale Street,Braddon,2021-08-12,,
Close,Australian Maritime Safety Authority Head Office,82 Northbourne Avenue,Braddon,2021-08-12,,
Casual,Beyond Pharmacy,4/18 Lonsdale Street,Braddon,2021-08-12,,
Casual,Big W Gungahlin,Gozzard Street,Gungahlin,2021-08-12,,
Casual,Bus Route 10 Transport Canberra Code BUS687,Coombs to City (Commonwealth Ave),Public Transport,2021-08-12,,
Casual,Bus Route 19 Transport Canberra Code BUS668,Gungahlin to Bonner,Public Transport,2021-08-12,,
Casual,Bus Route 2 Transport Canberra Code BUS719,City (Regatta Point) to Fyshwick,Public Transport,2021-08-12,,
Casual,Bus Route 25 Transport Canberra Code BUS585,Gungahlin to Moncrieff,Public Transport,2021-08-12,,
Casual,Bus Route 26 Transport Canberra Code BUS433,Moncrieff to Gungahlin,Public Transport,2021-08-12,,
Casual,Bus Route 26 Transport Canberra Code BUS433,Amaroo to Gungahlin,Public Transport,2021-08-12,,
Casual,Bus Route 45 Transport Canberra Code BUS617,Weetangera to Belconnen,Public Transport,2021-08-12,,
Casual,Bus Route 45 Transport Canberra Code BUS653,Belconnen to Weetangera,Public Transport,2021-08-12,,
Casual,Bus Route 66 Transport Canberra Code BUS641,Woden Interchange to Coombs,Public Transport,2021-08-12,,
Casual,Bus Route 8 Transport Canberra Code BUS580,Belconnen to Gunghalin,Public Transport,2021-08-12,,
Casual,Bus Route 8 Transport Canberra Code BUS657,Gungahlin to Belconnen,Public Transport,2021-08-12,,
Casual,Bus Route 9 Transport Canberra Code BUS424,Dickson Interchange to Watson,Public Transport,2021-08-12,,
Casual,Bus Route 9 Transport Canberra Code BUS456,Watson to Dickson Interchange,Public Transport,2021-08-12,,
Casual,Bus Route 9 Transport Canberra Code BUS456,Watson to Dickson Interchange,Public Transport,2021-08-12,,
Casual,Bus Route 9 Transport Canberra Code BUS720,Dickson Interchange to Watson,Public Transport,2021-08-12,,
Casual,Centrelink and Medicare (Services Australia),5 Fussell Lane,Gungahlin,2021-08-12,,
Close,Ceylon Cut,5/67 Townshend Street,Phillip,2021-08-12,,
Casual,Chemist Warehouse Gungahlin,30 Hibberson Street,Gungahlin,2021-08-12,,
Close,CIT Bruce Campus (Building H - Library Only),1 Jack Fleming Place,Bruce,2021-08-12,,
Casual,CIT Bruce Campus (Building H only),1 Jack Fleming Place,Bruce,2021-08-12,,
Monitor,"CIT Bruce Campus (Entire campus, refer to Close Contacts entry if attended Building H)",35 Vowels Crescent,Bruce,2021-08-12,,
Close,CIT Reid Campus (Entire campus),37 Constitution Avenue,Reid,2021-08-12,,
Close,Coco Republic Construction Site,148 Bunda Street,Canberra City,2021-08-12,,
Close,Coffee Guru Canberra Centre,"Shop K05, Canberra Centre, 148 Bunda Street",Canberra City,2021-08-12,,
Casual,Coles Express Belconnen,Lathlain Street and Wignall Place,Belconnen,2021-08-12,,
Casual,Coles Gungahlin,Corner Hibberson Street and Gungahlin Place,Gungahlin,2021-08-12,,
Casual,Coles Gungahlin,Corner Hibberson Street and Gungahlin Place,Gungahlin,2021-08-12,,
Close,Coles Kaleen,1 Maribyrnong Avenue,Kaleen,2021-08-12,,
Casual,Commonwealth Bank Gungahlin,"Shop 23-25, 33 Hibberson Street",Gungahlin,2021-08-12,,
Close,Commonwealth Bank Gungahlin,"Shop 23-25, 33 Hibberson Street",Gungahlin,2021-08-12,,
Casual,EQ Bakehouse,70 Kent Street,Deakin,2021-08-12,,
Close,F45 Training,10 National Circuit,Barton,2021-08-12,,
Close,Franklin General Practice,54 Nullarbor Avenue,Franklin,2021-08-12,,
Close,Gold Creek School (including Early Childhood Learning Centre),Kelleway Avenue,Nicholls,2021-08-12,,
Casual,"Golden Touch Kedmar, pop-up Gungahlin Marketplace",30 & 33 Hibberson Street,Gungahlin,2021-08-12,,
Close,Grand Central Towers - communal pool area,15 Bowes Street,Phillip,2021-08-12,,
Monitor,Gungahlin Marketplace,30 Hibberson Street,Gungahlin,2021-08-12,,
Close,Harrison School,20 Wimmera Street,Harrison,2021-08-12,,
Casual,Holy Sprit Catholic Primary School (including Early Childhood Learning Centre),26 Kelleway Avenue,Nicholls,2021-08-12,,
Casual,IGA Lyneham,1 Wattle Place,Lyneham,2021-08-12,,
Close,Iskia Athletic Club Campbell,81 Constitution Avenue,Campbell,2021-08-12,,
Close,Lawrence & Hanson Mitchell,2/67-71 Vicars Street,Mitchell,2021-08-12,,
Close,Lawrence & Hanson Mitchell,2/67-71 Vicars Street,Mitchell,2021-08-12,,
Close,LDK Greenway Views,260 Soward Way,Greenway,2021-08-12,,
Close,Lennock Jaguar Land Rover,126 Melrose Drive,Phillip,2021-08-12,,
Casual,Light Rail - R1 Transport Canberra Code LRV003,Gungahlin to Dickson Interchange,Public Transport,2021-08-12,,
Casual,Light Rail - R1 Transport Canberra Code LRV005,Gunghalin to Well Station Drive,Public Transport,2021-08-12,,
Casual,Light Rail - R1 Transport Canberra Code LRV005,Dickson Interchange to Gungahlin,Public Transport,2021-08-12,,
Casual,Light Rail - R1 Transport Canberra Code LRV011,Gungahlin to Dickson Interchange,Public Transport,2021-08-12,,
Casual,Light Rail - R1 Transport Canberra Code LRV013,Well Station Drive to Gunghalin,Public Transport,2021-08-12,,
Close,Lyneham High School,Goodwin Street,Lyneham,2021-08-12,,
Casual,Mawson Southland Quality Meats,1/93 Mawson Place,Mawson,2021-08-12,,
Casual,McDonalds Charnwood,Corner Charnwood Place and Lhotsky Place,Charnwood,2021-08-12,,
Close,Melt,109 Flemington Road,Mitchell,2021-08-12,,
Close,Metropol Display Centre,83 Cooyong Street,Reid,2021-08-12,,
Casual,Mr Sushi,Gungahlin Village,Gungahlin,2021-08-12,,
Close,Pellegrino’s Café,7/49 Wollongong Street,Fyshwick,2021-08-12,,
Casual,Powells Stockfeed,42-44 Colbee Court,Phillip,2021-08-12,,
Close,Priceline Pharmacy Amaroo,6 Pioneer Street,Amaroo,2021-08-12,,
Casual,"Reject Shop, Gungahlin Village","Shop 2, 46 Hibberson Street",Gungahlin,2021-08-12,,
Monitor,Southwell Park,Southwell Park,Lyneham,2021-08-12,,
Casual,Spence Grocer,1 Glassey Place,Spence,2021-08-12,,
Casual,Spence Grocer,1 Glassey Place,Spence,2021-08-12,,
Casual,St George Bank Gungahlin,30 Hibberson Street,Gungahlin,2021-08-12,,
Close,St Thomas Aquinas Primary School,25 Lhotsky Street,Charnwood,2021-08-12,,
Casual,TLE Electrical & Data supplies,22-36 Oatley Court,Belconnen,2021-08-12,,
Casual,Vodafone Gungahlin,18 Hibberson Street,Gungahlin,2021-08-12,,
Monitor,Westfield Belconnen,"Westfield Belconnen, Benjamin Way",Belconnen,2021-08-12,,
Casual,Westfield Belconnen Food Court,"Westfield Belconnen, Benjamin Way",Belconnen,2021-08-12,,
Casual,Woolworths Belconnen,"Westfield Belconnen, Benjamin Way",Belconnen,2021-08-12,,
Casual,Woolworths Gungahlin,30 Hibberson Street,Gungahlin,2021-08-12,,
Monitor,7-Eleven Braddon,20 Mort Street,Braddon,2021-08-11,,
Casual,"Abode Hotel (Floors 1, 2 and 3)",14 Kennedy Street,Kingston,2021-08-11,,
Monitor,Abode Hotel (Ground Floor only),14 Kennedy Street,Kingston,2021-08-11,,
Casual,Ampol Petrol Station,289 Canberra Avenue,Fyshwick,2021-08-11,,
Casual,Australia Post Woden,Shop 4/15 Bowes Place,Phillip,2021-08-11,,
Close,Australian Maritime Safety Authority Head Office,82 Northbourne Avenue,Braddon,2021-08-11,,
Casual,"Basketball ACT, Basketball & Sports Centre",42 Oatley Court,Belconnen,2021-08-11,,
Monitor,Bunnings Tuggeranong,Anketell Street,Greenway,2021-08-11,,
Casual,Bus Route 19 Transport Canberra Code BUS412,Gungahlin to Bonner,Public Transport,2021-08-11,,
Casual,Bus Route 20 Transport Canberra Code BUS963,Gungahlin to Bonner,Public Transport,2021-08-11,,
Casual,Bus Route 25 Transport Canberra Code BUS428,Gungahlin to Moncrieff,Public Transport,2021-08-11,,
Casual,Bus Route 26 Transport Canberra Code BUS458,Moncrieff to Gungahlin,Public Transport,2021-08-11,,
Casual,Bus Route 26 Transport Canberra Code BUS458,Amaroo To Gungahlin,Public Transport,2021-08-11,,
Casual,Bus Route 9 Transport Canberra Code BUS588,Dickson Interchange to Watson,Public Transport,2021-08-11,,
Casual,Bus Route 9 Transport Canberra Code BUS604,Watson to Dickson Interchange,Public Transport,2021-08-11,,
Casual,Café Mame,2/4-6 Melba Circuit,Melba,2021-08-11,,
Close,Capital Chemist Kingston,62 Jardine Street,Kingston,2021-08-11,,
Close,Chapman Primary After School Care Building,46-50 Perry Drive,Chapman,2021-08-11,,
Close,CIT Bruce Campus (Building H only),1 Jack Fleming Place,Bruce,2021-08-11,,
Monitor,"CIT Bruce Campus (Entire Campus, refer to Close Contacts entry if attended Building H)",35 Vowels Crescent,Bruce,2021-08-11,,
Close,CIT Reid Campus (Entire campus),37 Constitution Avenue,Reid,2021-08-11,,
Close,Club Lime - CISAC (gym only),100 Eastern Valley Way,Bruce,2021-08-11,,
Close,Club Lime Gungahlin,43 Hibberson Street,Gungahlin,2021-08-11,,
Close,Coco Republic Construction Site,148 Bunda Street,Canberra City,2021-08-11,,
Close,Coles Manuka,Franklin Street and Flinders Way,Griffith,2021-08-11,,
Casual,Coles Manuka,Franklin Street and Flinders Way,Griffith,2021-08-11,,
Close,Companion House,41 Templeton Street,Cook,2021-08-11,,
Casual,"Construction Site, Levels - Ground, 1 and 2",12 Moore Street,Canberra City,2021-08-11,,
Casual,Elite Supplements,13 Keltie Street,Phillip,2021-08-11,,
Casual,EQ Bakehouse,70 Kent Street,Deakin,2021-08-11,,
Casual,EQ Café and Lounge,70 Kent Street,Deakin,2021-08-11,,
Close,F45 Training,10 National Circuit,Barton,2021-08-11,,
Casual,Flatheads Takeaway,Macpherson Street & Bluebell Street,O'Connor,2021-08-11,,
Close,Gelato Messina Kingston,38 Eyre Street,Kingston,2021-08-11,,
Close,GGs Flowers & Hampers,"Unit 3D, Farrer Shops",Farrer,2021-08-11,,
Close,Gold Creek School (including early childhood learning),Kelleway Avenue,Nicholls,2021-08-11,,
Close,Goodstart Early Learning Turner,12 Watson Street,Turner,2021-08-11,,
Close,Goodstart Early Learning Turner,12 Watson Street,Turner,2021-08-11,,
Close,Gungaderra Homestead- Girl Guides Meeting,Gungaderra Homestead,Harrison,2021-08-11,,
Close,Gunners Place – Youth Centre,20 Hibberson Street,Gungahlin,2021-08-11,,
Monitor,Harrison Playing Fields- Harrison 101,Katoomba Street,Harrison,2021-08-11,,
Close,Harrison School,20 Wimmera Street,Harrison,2021-08-11,,
Casual,Holy Sprit Catholic Primary School (including Early Childhood Learning Centre),26 Kelleway Avenue,Nicholls,2021-08-11,,
Close,Hume Warehouse,Unit 10/60 Sheppard Street,Hume,2021-08-11,,
Close,IGA Evatt,Heydon Place,Evatt,2021-08-11,,
Close,IGA Evatt,Heydon Place,Evatt,2021-08-11,,
Casual,IGA Melba,1/4-6 Melba Circuit,Melba,2021-08-11,,
Close,Intermain,64 Northbourne Avenue,Canberra City,2021-08-11,,
Close,Laverty Pathology Gungahlin,"Gungahlin Square, Unit 131, Hibberson Street",Gungahlin,2021-08-11,,
Close,LDK Greenway Views,260 Soward Way,Greenway,2021-08-11,,
Close,Lennock Jaguar Land Rover,126 Melrose Drive,Phillip,2021-08-11,,
Casual,Light Rail - R1 Transport Canberra Code LRV004,Well Station Drive to Gunghalin,Public Transport,2021-08-11,,
Casual,Light Rail - R1 Transport Canberra Code LRV005,Dickson Interchange to Gungahlin,Public Transport,2021-08-11,,
Casual,Light Rail - R1 Transport Canberra Code LRV006,Gungahlin to Dickson Interchange,Public Transport,2021-08-11,,
Casual,Light Rail - R1 Transport Canberra Code LRV010,Gungahlin to Dickson Interchange,Public Transport,2021-08-11,,
Casual,Light Rail - R1 Transport Canberra Code LRV012,Dickson Interchange to Gungahlin,Public Transport,2021-08-11,,
Close,Lyneham High School,Goodwin Street,Lyneham,2021-08-11,,
Close,North Canberra Business Centre,54 Vicars Street,Mitchell,2021-08-11,,
Monitor,Ochre Medical Centre Kingston,"Level 1, Unit 6/62 Jardine Street",Kingston,2021-08-11,,
Close,Pellegrino’s Café,7/49 Wollongong Street,Fyshwick,2021-08-11,,
Close,Pellegrino’s Café,7/49 Wollongong Street,Fyshwick,2021-08-11,,
Close,Power Kart Raceway,125 Canberra Avenue,Griffith,2021-08-11,,
Casual,Rebel Sport,"Shop LM2, Keltie Street",Phillip,2021-08-11,,
Casual,Sharing Places Building 3 - Pearce Community Centre,Collett Place,Pearce,2021-08-11,,
Casual,Smile Sensations Casey,13/15 Kingsland Parade,Casey,2021-08-11,,
Casual,Southern Cross Basketball Stadium,7 Pitman Street,Greenway,2021-08-11,,
Casual,Stockade Training Centre,7 Kembla Street,Fyshwick,2021-08-11,,
Close,Subway Dickson,Shop 1/71-81 Woolley Street,Dickson,2021-08-11,,
Casual,Supabarn Casey,15 Kingsland Parade,Casey,2021-08-11,,
Casual,Sushi Island,15/22 Kingsland Parade,Casey,2021-08-11,,
Close,The Bucket Warehouse,Unit 1E/5 Pelle Street,Mitchell,2021-08-11,,
Close,The Civic Pub,8 Lonsdale Street,Braddon,2021-08-11,,
Monitor,The Greenshed Mitchell,Flemington Road,Mitchell,2021-08-11,,
Close,The Rehabilitation Specialists,9/27 Yallourn Street,Fyshwick,2021-08-11,,
Close,The Rehabilitation Specialists,9/27 Yallourn Street,Fyshwick,2021-08-11,,
Casual,TLE Electrical & Data supplies,22-36 Oatley Court,Belconnen,2021-08-11,,
Close,Turkish Delight,75/71 Giles Street,Kingston,2021-08-11,,
Monitor,UC Library,Building 8 University of Canberra,Bruce,2021-08-11,,
Close,Urban Fusion Massage,165/148 Flemington Road,Harrison,2021-08-11,,
Casual,Westpac Woden,"Woden Centre Plaza, Shops L06-08/3 Bradley Street",Phillip,2021-08-11,,
Casual,Woolworths Charnwood,25-30 Charnwood Place,Charnwood,2021-08-11,,
Casual,Woolworths Dickson,1 Dickson Place,Dickson,2021-08-11,,
Casual,Woolworths Gungahlin,30 Hibberson Street,Gungahlin,2021-08-11,,
Casual,Woolworths Gungahlin,30 Hibberson Street,Gungahlin,2021-08-11,,
Casual,Xian Restaurant,1/140 Emu Bank,Belconnen,2021-08-11,,
Close,Yum Cha,"Westfield Belconnen, Benjamin Way",Belconnen,2021-08-11,,
Close,Assembly The People’s Pub,11 Lonsdale Street,Braddon,2021-08-10,,
Casual,"Basketball ACT, Basketball & Sports Centre",42 Oatley Court,Belconnen,2021-08-10,,
Casual,"Basketball ACT, Basketball & Sports Centre",42 Oatley Court,Belconnen,2021-08-10,,
Casual,Big W Gungahlin,Gozzard Street,Gungahlin,2021-08-10,,
Casual,Bing Lee Belconnen,10-12 Cohen Street,Belconnen,2021-08-10,,
Casual,Bus Route 20 Transport Canberra Code BUS629,Bonner to Gunghalin,Public Transport,2021-08-10,,
Casual,Bus Route 20 Transport Canberra Code BUS933,Gungahlin to Amaroo,Public Transport,2021-08-10,,
Casual,Bus Route 25 Transport Canberra Code BUS939,Gungahlin to Moncrieff,Public Transport,2021-08-10,,
Casual,Bus Route 26 Transport Canberra Code BUS440,Moncrieff to Gungahlin,Public Transport,2021-08-10,,
Casual,Bus Route 26 Transport Canberra Code BUS440,Amaroo To Gungahlin,Public Transport,2021-08-10,,
Casual,Bus Route 8 Transport Canberra Code BUS629,Gungahlin to Belconnen,Public Transport,2021-08-10,,
Close,Capital Chemist Lyneham,76 Wattle Street,Lyneham,2021-08-10,,
Monitor,Casey Market Town,15 Kingsland Parade,Casey,2021-08-10,,
Close,Chapman Primary After School Care Building,46-50 Perry Drive,Chapman,2021-08-10,,
Close,CIT Bruce Campus (Building H only),1 Jack Fleming Place,Bruce,2021-08-10,,
Monitor,"CIT Bruce Campus (Entire Campus, refer to Close Contacts entry if attended Building H)",35 Vowels Crescent,Bruce,2021-08-10,,
Close,"CIT Bruce Campus (Psych Accredited Class, Room G102)",35 Vowels Crescent,Bruce,2021-08-10,,
Casual,Civic Square Post Office,"Shop G14-16, Canberra Centre, 148 Bunda Street",Canberra City,2021-08-10,,
Close,Club Lime - CISAC (gym only),100 Eastern Valley Way,Bruce,2021-08-10,,
Close,Coco Republic Construction Site,148 Bunda Street,Canberra City,2021-08-10,,
Close,Coffee Guru Canberra Centre,"Shop K05, Canberra Centre, 148 Bunda Street",Canberra City,2021-08-10,,
Casual,David Jones Canberra Centre,"Canberra Centre, 148 Bunda Street",Canberra City,2021-08-10,,
Close,"Engineering House, Tenancy 7/8, level 2",11 National Circuit,Barton,2021-08-10,,
Close,F45 Training,10 National Circuit,Barton,2021-08-10,,
Casual,First Choice Liquor Braddon,48 Mort Street,Braddon,2021-08-10,,
Close,Gold Creek School (including early childhood learning),Kelleway Avenue,Nicholls,2021-08-10,,
Monitor,Grand Central Towers,15 Bowes Street,Phillip,2021-08-10,,
Close,Guzman y Gomez Canberra Centre,148 Bunda Street,Canberra City,2021-08-10,,
Close,Harvey Norman Fyshwick,Barrier Street,Fyshwick,2021-08-10,,
Casual,Holy Sprit Catholic Primary School (including Early Childhood Learning Centre),26 Kelleway Avenue,Nicholls,2021-08-10,,
Casual,Kmart Gungahlin,33 Hibberson Street,Gungahlin,2021-08-10,,
Close,LDK Greenway Views,260 Soward Way,Greenway,2021-08-10,,
Close,Lennock Jaguar Land Rover,126 Melrose Drive,Phillip,2021-08-10,,
Casual,Light Rail - R1 Transport Canberra Code LRV003,Gungahlin to Dickson Interchange,Public Transport,2021-08-10,,
Casual,Light Rail - R1 Transport Canberra Code LRV004,Gungahlin to Dickson Interchange,Public Transport,2021-08-10,,
Casual,Light Rail - R1 Transport Canberra Code LRV009,Dickson Interchange to Gungahlin,Public Transport,2021-08-10,,
Casual,Light Rail - R1 Transport Canberra Code LRV010,Dickson Interchange to Gungahlin,Public Transport,2021-08-10,,
Close,Lyneham High School,Goodwin Street,Lyneham,2021-08-10,,
Casual,Metropol City,81 Cooyong Street,Canberra City,2021-08-10,,
Close,Pellegrino’s Café,7/49 Wollongong Street,Fyshwick,2021-08-10,,
Casual,Seears Workwear,60 Barrier Street,Fyshwick,2021-08-10,,
Close,St Vincent de Paul,32 Buckland Street,Mitchell,2021-08-10,,
Close,Stockade Training Centre,7 Kembla Street,Fyshwick,2021-08-10,,
Close,Subsdance Dance Studio,1/27-29 Eyre Street,Kingston,2021-08-10,,
Casual,Subway Barton,48 Macquarie Street,Barton,2021-08-10,,
Casual,Supabarn Casey,15 Kingsland Parade,Casey,2021-08-10,,
Casual,Sushi Island,15/22 Kingsland Parade,Casey,2021-08-10,,
Monitor,"Telstra Canberra Head Office (Reception, Level 1 and Level 5)",16-18 Mort Street,Braddon,2021-08-10,,
Close,Urban Pantry,5 Bougainville Street,Griffith,2021-08-10,,
Monitor,Westfield Belconnen - bus stop entrance,"Westfield Belconnen, Benjamin Way",Belconnen,2021-08-10,,
Monitor,Woolworths Kippax,48 Hardwick Crescent,Holt,2021-08-10,,
Monitor,Woolworths Phillip,"Westfield Woden, Hindmarsh Drive & Melrose Drive",Phillip,2021-08-10,,
Close,Al Manoosh Bakery,47 Mawson Place,Mawson,2021-08-09,,
Casual,Bunnings Canberra Airport,971 Majura Road,Majura Park,2021-08-09,,
Casual,Bus Route 30 Transport Canberra Code BUS351,Dickson to Kaleen,Public Transport,2021-08-09,,
Casual,Bus Route R3 Transport Canberra Code BUS415,Belconnen (Lake Ginninderra College) to Florey (John Cleland Crescent),Public Transport,2021-08-09,,
Casual,Bus Route R3 Transport Canberra Code BUS431,Florey (John Cleland Crescent) to Belconnen (Lake Ginninderra College),Public Transport,2021-08-09,,
Monitor,Canberra Centre,"Canberra Centre, 148 Bunda Street",Canberra City,2021-08-09,,
Casual,Canberra Centre Subway and Food Court,"Canberra Centre, 148 Bunda Street",Canberra City,2021-08-09,,
Close,Club Lime - CISAC (gym only),100 Eastern Valley Way,Bruce,2021-08-09,,
Close,Club Lime Mawson,Mawson Drive,Mawson,2021-08-09,,
Close,Club Lime Phillip,Bradley Street,Phillip,2021-08-09,,
Close,"Engineering House, Tenancy 7/8, level 2",11 National Circuit,Barton,2021-08-09,,
Close,Gold Creek School (including early childhood learning),Kelleway Avenue,Nicholls,2021-08-09,,
Close,"Gold Creek School, Senior Campus Gym",Kelleway Avenue,Nicholls,2021-08-09,,
Close,"Gold Creek School, Senior Campus Gym",Kelleway Avenue,Nicholls,2021-08-09,,
Casual,Holy Sprit Catholic Primary School (including Early Childhood Learning Centre),26 Kelleway Avenue,Nicholls,2021-08-09,,
Close,"Instrumental Music Program (IMP) Rehearsal Room, UC High School Kaleen",Baldwin Drive,Kaleen,2021-08-09,,
Casual,KFC Dickson,81 Woolley Street,Dickson,2021-08-09,,
Close,Lennock Jaguar Land Rover,126 Melrose Drive,Phillip,2021-08-09,,
Close,Lyneham High School,Goodwin Street,Lyneham,2021-08-09,,
Casual,Mugga Site - Mugga Lane Resource Management Centre Waste Transfer Station,Mugga Lane,Symonston,2021-08-09,,
Casual,Officeworks Braddon,30 Mort Street,Braddon,2021-08-09,,
Casual,St George Bank Fyshwick,58 Wollongong Street,Fyshwick,2021-08-09,,
Casual,Stockade Training Centre,7 Kembla Street,Fyshwick,2021-08-09,,
Close,Stockade Training Centre,7 Kembla Street,Fyshwick,2021-08-09,,
Close,The Civic Pub,8 Lonsdale Street,Braddon,2021-08-09,,
Monitor,UCSSC Lake Ginninderra (Entire Campus excluding Gymnasium and Cafeteria/Canteen area. Refer to Close Contact entry if you attended Gymnasium and Cafeteria/Canteen area),2 Emu Bank,Belconnen,2021-08-09,,
Close,UCSSC Lake Ginninderra (Gymnasium and Cafeteria/Canteen area),2 Emu Bank,Belconnen,2021-08-09,,
Casual,Woolworths Dickson,1 Dickson Place,Dickson,2021-08-09,,
Close,Assembly The People’s Pub,11 Lonsdale Street,Braddon,2021-08-08,,
Casual,"Boost Juice, Canberra Outlet Centre",337 Canberra Avenue,Fyshwick,2021-08-08,,
Monitor,Canberra Outlet Centre,377 Canberra Avenue,Fyshwick,2021-08-08,,
Casual,"Central Food Court, Canberra Outlet Centre",337 Canberra Avenue,Fyshwick,2021-08-08,,
Casual,Coles Amaroo,Horse Park Drive,Amaroo,2021-08-08,,
Close,Downer Community Centre,6 Frencham Place,Downer,2021-08-08,,
Close,Fiction Bar,50 Bunda Street,Canberra City,2021-08-08,,
Close,"Freedom Furniture, Canberra Outlet Centre","T27, 337 Canberra Avenue",Fyshwick,2021-08-08,,
Close,JB HiFi Canberra Outlet Centre,"T26, 337 Canberra Avenue",Fyshwick,2021-08-08,,
Close,"TK Maxx, Canberra Outlet Centre","X20, 337 Canberra Avenue",Fyshwick,2021-08-08,,
Monitor,U14 girls AFL Ainslie Red vs Belconnen Black,Aranda Playing Fields,Aranda,2021-08-08,,
Close,"Windsor Smith, Canberra Outlet Centre","T103, 337 Canberra Avenue",Fyshwick,2021-08-08,,
Investigation Location,Assembly The People's Pub,11 Lonsdale Street,Braddon,2021-08-07,,
Close,Fiction Bar,50 Bunda Street,Canberra City,2021-08-07,,
